{
  "experiment": "M+ Retriever Co-retrieval Analysis",
  "method": "Paper-aligned (input_layernorm + sigmoid)",
  "results": {
    "0": {
      "co_retrieval_rate": 0.4666666666666667,
      "single_rate": 0.4666666666666667,
      "none_rate": 0.06666666666666667,
      "counts": {
        "co": 14,
        "single": 14,
        "none": 2,
        "total": 30
      }
    },
    "50": {
      "co_retrieval_rate": 0.36666666666666664,
      "single_rate": 0.4,
      "none_rate": 0.23333333333333334,
      "counts": {
        "co": 11,
        "single": 12,
        "none": 7,
        "total": 30
      }
    },
    "200": {
      "co_retrieval_rate": 0.13333333333333333,
      "single_rate": 0.5333333333333333,
      "none_rate": 0.3333333333333333,
      "counts": {
        "co": 4,
        "single": 16,
        "none": 10,
        "total": 30
      }
    }
  }
}